<application>
  <component name="FileTypeManager" version="18">
    <ignoreFiles list="*$py.class;*.pyc;*.pyo;*.rbc;*.yarb;*~;.DS_Store;.git;.hg;.svn;CVS;__pycache__;_svn;vssver.scc;vssver2.scc" />
    <extensionMap>
      <mapping pattern=".env.*" type="Env File" />
      <mapping ext="env" type="Env File" />
      <mapping pattern="jenkinsfile" type="Native" />
      <mapping ext="parquet" type="PLAIN_TEXT" />
      <mapping ext="pkl" type="PLAIN_TEXT" />
      <removed_mapping ext="csv" approved="true" type="CSV/TSV" />
      <removed_mapping ext="csv" approved="true" type="PLAIN_TEXT" />
      <removed_mapping ext="pdf" approved="true" type="Native" />
      <removed_mapping ext="tsv" approved="true" type="CSV/TSV" />
      <removed_mapping ext="txt" approved="true" type="PLAIN_TEXT" />
      <removed_mapping ext="xls" approved="true" type="Native" />
      <removed_mapping ext="xlsx" approved="true" type="Native" />
      <removed_mapping pattern="Jenkinsfile" approved="true" type="AUTO_DETECTED" />
      <removed_mapping pattern="Jenkinsfile" approved="true" type="Native" />
      <removed_mapping pattern="Jenkinsfile" approved="true" type="PLAIN_TEXT" />
    </extensionMap>
  </component>
</application>