<application>
  <component name="ProjectManager">
    <defaultProject>
      <component name="ProjectView">
        <navigator proportions="" version="1" />
        <panes />
      </component>
      <component name="ProjectViewState">
        <option name="hideEmptyMiddlePackages" value="true" />
        <option name="showLibraryContents" value="true" />
        <option name="showScratchesAndConsoles" value="false" />
      </component>
      <component name="PropertiesComponent">{
  &quot;keyToString&quot;: {
    &quot;settings.editor.selected.configurable&quot;: &quot;configurable.group.editor&quot;
  }
}</component>
      <component name="WindowStateProjectService">
        <state x="738" y="273" width="424" height="520" key="FileChooserDialogImpl" timestamp="1685485276038">
          <screen x="0" y="27" width="1920" height="998" />
        </state>
        <state x="738" y="273" width="424" height="520" key="FileChooserDialogImpl/0.27.1920.998" timestamp="1685485276038" />
        <state x="449" y="161" width="1022" height="737" key="SettingsEditor" timestamp="1679596937777">
          <screen x="0" y="27" width="1920" height="998" />
        </state>
        <state x="449" y="161" width="1022" height="737" key="SettingsEditor/0.27.1920.998" timestamp="1679596937777" />
      </component>
    </defaultProject>
  </component>
</application>