<application>
  <component name="RainbowSettings">
    <option name="doNOTRainbowifyBigFiles" value="false" />
    <option name="enableRainbowVariables" value="true" />
    <option name="indentGuidesOptions" value="Only selected indent guide" />
    <option name="rainbowVariablesOptionShowed" value="true" />
    <option name="suppressLicenseBanner" value="true" />
    <option name="supressAdvancedIndentGuidesBanner" value="true" />
    <option name="version" value="2023.3.1" />
  </component>
</application>