<profile version="1.0">
  <option name="myName" value="Default" />
  <inspection_tool class="DuplicatedCode" enabled="true" level="WEAK WARNING" enabled_by_default="true">
    <Languages>
      <language minSize="217" name="Python" />
    </Languages>
  </inspection_tool>
  <inspection_tool class="EditorConfigUnusedDeclaration" enabled="true" level="WARNING" enabled_by_default="true" editorAttributes="GRAMMAR_ERROR" />
  <inspection_tool class="PyPackageRequirementsInspection" enabled="true" level="WARNING" enabled_by_default="true">
    <option name="ignoredPackages">
      <value>
        <list size="1">
          <item index="0" class="java.lang.String" itemvalue="pyenv" />
        </list>
      </value>
    </option>
  </inspection_tool>
  <inspection_tool class="PyUnresolvedReferencesInspection" enabled="true" level="WARNING" enabled_by_default="true">
    <option name="ignoredIdentifiers">
      <list>
        <option value="platml.database" />
        <option value="platml.*" />
        <option value="es_writer.*" />
        <option value="fastapi.applications.FastAPI.controller" />
      </list>
    </option>
  </inspection_tool>
</profile>